ROZZETTA CRAFT,"UV Protection, Gradient Round Sunglasses (Free Size)",₹391
ROZZETTA CRAFT,"UV Protection, Gradient Rectangular Sunglasses (Free Si...",₹377
Fastrack,UV Protection Rectangular Sunglasses (Free Size),₹439
Fastrack,UV Protection Wayfarer Sunglasses (Free Size),₹649
PIRASO,UV Protection Aviator Sunglasses (58),₹274
Fastrack,"Gradient, UV Protection Wayfarer Sunglasses (Free Size)",₹489
Elligator,UV Protection Wayfarer Sunglasses (53),₹149
VINCENT CHASE,"by Lenskart Polarized, UV Protection Cat-eye Sunglasses...",₹929
Fastrack,UV Protection Aviator Sunglasses (Free Size),₹599
PIRASO,UV Protection Aviator Sunglasses (54),₹208
Fastrack,"Gradient, UV Protection Wayfarer Sunglasses (Free Size)",₹479
VINCENT CHASE,"by Lenskart Polarized, UV Protection Aviator Sunglasses...",₹879
PIRASO,UV Protection Aviator Sunglasses (Free Size),₹268
PIRASO,UV Protection Clubmaster Sunglasses (54),₹224
Fastrack,UV Protection Wayfarer Sunglasses (Free Size),₹599
VINCENT CHASE,"by Lenskart Polarized, UV Protection Aviator Sunglasses...",₹929
SHAAH COLLECTIONS,"UV Protection, Polarized, Mirrored Rectangular Sunglass...",₹185
Fastrack,UV Protection Wayfarer Sunglasses (Free Size),₹559
Fastrack,"Gradient, UV Protection Wayfarer Sunglasses (Free Size)",₹539
VINCENT CHASE,"by Lenskart Polarized, UV Protection Round Sunglasses (...",₹929
Fastrack,UV Protection Sports Sunglasses (Free Size),₹619
NuVew,UV Protection Sports Sunglasses (65),₹129
Anemone,"UV Protection, Gradient Rectangular, Spectacle Sunglas...",₹356
VINCENT CHASE,UV Protection Wayfarer Sunglasses (62),₹899
VINCENT CHASE,"by Lenskart Polarized, UV Protection Aviator Sunglasses...",₹690
NuVew,"UV Protection, Mirrored Wayfarer Sunglasses (58)",₹99
NuVew,UV Protection Aviator Sunglasses (57),₹125
ROZZETTA CRAFT,UV Protection Aviator Sunglasses (62),₹649
PIRASO,UV Protection Rectangular Sunglasses (52),₹182
SKYZA INDIA,"UV Protection Retro Square, Rectangular, Over-sized Sun...",₹277
Fastrack,UV Protection Wayfarer Sunglasses (Free Size),₹749
VINCENT CHASE,"by Lenskart Polarized, UV Protection Round Sunglasses (...",₹979
Fastrack,UV Protection Rectangular Sunglasses (56),₹559
NuVew,UV Protection Aviator Sunglasses (57),₹129
PIRASO,UV Protection Butterfly Sunglasses (60),₹290
VINCENT CHASE,"Polarized, UV Protection Round Sunglasses (50)",₹799
Fastrack,"Gradient, UV Protection Wayfarer Sunglasses (Free Size)",₹599
NuVew,UV Protection Wayfarer Sunglasses (57),₹99
PIRASO,UV Protection Aviator Sunglasses (54),₹212
Eyewearlabs,"Polarized, UV Protection Aviator Sunglasses (60)","₹1,598"
PIRASO,UV Protection Aviator Sunglasses (54),₹212
EYELLUSION,"Night Vision, Polarized, UV Protection, Riding Glasses ...",₹299
PHENOMENAL,UV Protection Retro Square Sunglasses (53),₹179
ROZZETTA CRAFT,UV Protection Aviator Sunglasses (55),₹649
Sewell,"Mirrored, Night Vision, UV Protection, Riding Glasses S...",₹281
Fastrack,UV Protection Wrap-around Sunglasses (Free Size),₹539
PIRASO,UV Protection Over-sized Sunglasses (60),₹173
VINCENT CHASE,"by Lenskart Polarized, UV Protection Retro Square Sungl...",₹799
PIRASO,UV Protection Butterfly Sunglasses (60),₹308
VINCENT CHASE,"by Lenskart Polarized, UV Protection Round Sunglasses (...",₹799
PIRASO,UV Protection Over-sized Sunglasses (65),₹342
VINCENT CHASE,"Polarized, UV Protection Round Sunglasses (51)",₹999
Ray-Ban,"Mirrored, UV Protection Aviator Sunglasses (58)","₹3,349"
NuVew,"UV Protection, Mirrored Wayfarer Sunglasses (58)",₹99
Lee Topper,"Riding Glasses, Night Vision Wrap-around Sunglasses (Fr...",₹255
Rich Club,UV Protection Retro Square Sunglasses (50),₹599
Lee Topper,"UV Protection, Riding Glasses Retro Square, Spectacle ...",₹341
Ray-Ban,UV Protection Retro Square Sunglasses (55),"₹3,289"
Satyam Kraft,Others Spectacle Sunglasses (Free Size),₹299
ROZZETTA CRAFT,"UV Protection, Gradient Butterfly, Shield Sunglasses (6...",₹399
Fastrack,UV Protection Wayfarer Sunglasses (Free Size),₹559
Fastrack,UV Protection Wayfarer Sunglasses (58),₹779
NuVew,"UV Protection, Mirrored Aviator Sunglasses (57)",₹129
VINCENT CHASE,"by Lenskart Polarized, UV Protection Aviator Sunglasses...",₹999
kingsunglasses,"UV Protection, Mirrored Round Sunglasses (Free Size)",₹260
Fastrack,UV Protection Aviator Sunglasses (57),₹559
VINCENT CHASE,"Polarized, UV Protection Rectangular Sunglasses (59)",₹929
jiebo,UV Protection Rectangular Sunglasses (Free Size),₹179
PIRASO,UV Protection Wayfarer Sunglasses (55),₹211
MGKNYAH,UV Protection Aviator Sunglasses (Free Size),₹179
kingsunglasses,"UV Protection, Night Vision Wayfarer Sunglasses (Free S...",₹281
ROZZETTA CRAFT,"UV Protection, Gradient Butterfly Sunglasses (62)",₹399
Fastrack,UV Protection Wayfarer Sunglasses (57),₹579
kingsunglasses,UV Protection Cat-eye Sunglasses (Free Size),₹169
VINCENT CHASE,by Lenskart UV Protection Retro Square Sunglasses (56),₹999
VINCENT CHASE,"by Lenskart Polarized, UV Protection Aviator Sunglasses...",₹799
VINCENT CHASE,"Polarized, UV Protection Retro Square Sunglasses (52)",₹799
ROZZETTA CRAFT,UV Protection Aviator Sunglasses (62),₹649
SUNBEE,UV Protection Rectangular Sunglasses (Free Size),₹185
DISNEY,UV Protection Rectangular Sunglasses (44),₹374
Fastrack,UV Protection Round Sunglasses (52),₹559
IDEE,UV Protection Cat-eye Sunglasses (17),"₹1,429"
VINCENT CHASE,"by Lenskart Polarized, UV Protection Cat-eye Sunglasses...",₹764
Eyewearlabs,"Polarized, UV Protection Retro Square Sunglasses (56)","₹1,598"
VINCENT CHASE,"by Lenskart Polarized, UV Protection Round Sunglasses (...",₹664
ROZZETTA CRAFT,"UV Protection, Gradient Rectangular Sunglasses (Free Si...",₹423
ROZZETTA CRAFT,"UV Protection, Gradient Rectangular Sunglasses (Free Si...",₹377
VINCENT CHASE,"by Lenskart Polarized, UV Protection Rectangular Sungla...",₹899
Fastrack,UV Protection Wayfarer Sunglasses (Free Size),₹559
LIZA ANGEL,"Riding Glasses, Night Vision Spectacle Sunglasses (Fre...",₹249
VINCENT CHASE,"by Lenskart Polarized, UV Protection Aviator Sunglasses...",₹799
Eyewearlabs,"Polarized, UV Protection Retro Square Sunglasses (54)","₹1,598"
VINCENT CHASE,"Polarized, UV Protection Round Sunglasses (50)",₹799
NuVew,"UV Protection, Mirrored Wayfarer Sunglasses (57)",₹99
VINCENT CHASE,"Polarized, UV Protection Round Sunglasses (51)",₹999
ROZZETTA CRAFT,"Polarized, UV Protection Rectangular Sunglasses (Free S...",₹699
VINCENT CHASE,"by Lenskart Polarized, UV Protection Retro Square Sungl...",₹799
Fastrack,UV Protection Wayfarer Sunglasses (52),₹559
VINCENT CHASE,"by Lenskart Polarized, UV Protection Wayfarer Sunglasse...",₹799
Eyewearlabs,"Polarized, UV Protection Retro Square Sunglasses (56)","₹1,598"
