BRUTON,2 Combo Sneaker Shoes Sneakers For Men,₹499
BRUTON,2 Combo Sneaker Shoes Sneakers For Men,₹499
SFR,Sneakers For Men,₹289
BIRDE,Combo Pack of 2 Casual Shoes Sneakers For Men,₹499
SFR,Sneakers For Men,₹239
Kraasa,Sneakers For Women,₹299
aadi,Synthetic Leather |Lightweight|Comfort|Summer|Trendy|Wa...,₹399
TR,Sneakers For Men,₹331
PUMA,Neptune Sneakers For Men,"₹1,519"
BIRDE,Combo Pack of 2 Casual Shoes Sneakers For Men,₹499
Shozie,Stylish Walking Partywear Sneakers Casual Shoes Sneaker...,₹389
BRUTON,2 Combo Sneaker Shoes Sneakers For Men,₹499
aadi,Synthetic| Lightweight| Premiun| Comfort| Summer Tendy|...,₹399
BIRDE,Premium Casual Shoes for Women Sneakers For Women,₹299
Shozie,Women Sneakers Casual Shoes Sneakers For Women,₹388
aadi,Sneakers For Men,₹399
BIRDE,Trendy Casual Shoe For Men Pack Of 2 Sneakers For Men,₹499
Shozie,Stylish Sneakers Shoes for Women And Girls Sneakers For...,₹374
Shozie,Sneakers For Women,₹388
aadi,Mesh| Ultralightweight| Premiun| Comfort| Summer Tendy|...,₹399
ADIDAS,STREET ICON M Sneakers For Men,"₹2,015"
BIRDE,Sneakers For Women,₹199
asian,WATERPROOF-05cFULLWHITE Sneakers For Men,₹624
OZJI,Casual Colour Changing Sneaker For Men Sneakers For Men,₹838
Shozie,Sneakers For Women,₹389
SFR,PLANCK Smart Grey Lace-Ups Casuals Sneakers Sneakers Fo...,₹219
BIRDE,Combo Pack of 2 Premium Sports Shoes Sneakers For Women,₹499
aadi,Mesh| Ultralightweight| Premiun| Comfort| Summer Tendy|...,₹399
BIRDE,Combo Pack of 2 Casual Shoe Sneakers For Men,₹499
Sparx,Canvas Casual Partywear Outdoor Sneakers Shoes For Mens...,₹629
Layasa,Stylish Casual Sports Shoe outdoor Sneakers For Women,₹439
kerzl,Kerzl Tab 52 Casual Men Sneaker Sneakers For Men,₹670
BIRDE,Premium White Casual Shoes Sneakers For Men Sneakers Fo...,₹399
PUMA,Puma x 1DER Jack V3 Sneakers For Men,"₹1,781"
aadi,Sneakers For Men,₹399
YUVRATO BAXI,Men's Yellow Comfortable And Stylish Causal Sneakers La...,"₹1,199"
Asian Shoes,Future-04 casual shoes for men | Latest Stylish Casual ...,₹449
Sparx,SM-406 Sneakers For Men,₹699
aadi,Mesh |Lightweight|Comfort|Summer|Trendy|Walking|Outdoor...,₹373
SAN FRISSCO,Premium Casual Shoes for Women Sneakers For Women,"₹1,443"
BIRDE,Mesh |Lightweight|Comfort|Summer|Trendy|Walking|Outdoor...,₹299
aadi,Series 7 Sneakers For Men,₹399
Kraasa,Exclusive dancing sneaker For Boys||Funky dancing sneak...,₹499
Zixer,Sneakers For Women,₹634
Kraasa,Premium Sports Shoes For Men Pack Of 2 Sneakers For Men,₹299
BIRDE,Mesh |Lightweight|Comfort|Summer|Trendy|Walking|Outdoor...,₹499
aadi,Combo Pack of 2 Premium Sports Shoes Sneakers For Women,₹399
BIRDE,WATERPROOF-05cFULLBLACK Sneakers For Men,₹499
asian,Sneakers For Women,₹599
Kraasa,Brisk FR Sneakers For Men,₹399
PUMA,Mesh |Lightweight|Comfort|Summer|Trendy|Walking|Outdoor...,"₹1,709"
SAN FRISSCO,Sneakers For Men,"₹1,443"
aadi,Sneakers For Men,₹399
AMICO,Multi purpose casual shoes Sneakers For Men,₹581
HIGHLANDER,"Stylish Comfortable Lightweight, Breathable Women Shoes...",₹895
OZJI,Sneakers For Men,₹670
BIRDE,Mid-Top Combo Pack of 02 Pairs Lace-ups Trainer Shoes S...,₹299
bacca bucci,Men's Outdoor Color Change Sneakers Colorblock Fancy Pr...,"₹1,599"
SFR,Jada AP Sneakers For Women,₹499
ASTEROID,STREET ICON M Sneakers For Men,₹806
PUMA,C-Skate Vulc Sneakers For Men,"₹2,724"
ADIDAS,Latest Stylish New Trendy Black Sneakers casual Sneaker...,"₹2,015"
PUMA,Premium Casual Shoes for Women Sneakers For Women,"₹2,399"
Dashkin,Sneakers For Men,₹459
BIRDE,ARCH FIT-SERVITICA Sneakers For Men,₹299
HIGHLANDER,"Lightweight,Comfort,Summer,Trendy,Walking,Outdoor,Styli...",₹539
Skechers,Sneakers For Men,"₹5,439"
aadi,Daze V2 Sneakers For Men,₹599
Kzaara,Combo Pack of 2 Sports Sneakers For Men,₹296
PUMA,Faux Leather Running Sports Shoes Sneakers For Men,"₹1,519"
BIRDE,Ziller V2 Sneakers For Men,₹499
Mast & Harbour,Combo pack of 2 casual sneaker shoes for men Sneakers F...,₹949
PUMA,Modern Trendy Sneakers boot Sneakers Sneakers For Men,"₹1,679"
BERSACHE,Sneakers For Men,₹549
Magnolia,Sear Sneakers For Men,₹398
SOLETHREADS,Combo Pack of 2 Casual Shoes Sneakers For Men,"₹1,399"
PUMA,Mesh |Lightweight|Comfort|Summer|Trendy|Walking|Outdoor...,"₹1,633"
BIRDE,Canvas Casual Sneakers For Men (Black) Sneakers For Men,₹499
aadi,CAVE Sneakers For Men,₹449
Dashkin,"Combo pack of 2 casual, sneaker and loafer shoes for me...",₹461
PUMA,Brisk FR Sneakers For Men,"₹1,716"
BERSACHE,Sneakers For Men,₹549
PUMA,Sneakers For Men,"₹1,709"
Pro,Mesh| Lightweight| Premiun| Comfort| Summer Tendy| Outd...,₹549
HIGHLANDER,Fashion and Stylish Soft Ultralight Lace Up Sneakers Ca...,₹895
aadi,Ultralightweight | Comfortable | Breathable Walking | O...,₹373
K' Footlance,Sneakers For Women,₹479
aadi,ARCH FIT ROAD WALKER Sneakers For Men,₹399
Kraasa,Yaby Sneakers For Men,₹299
Skechers,Sneakers For Men,"₹6,119"
PUMA,Sneakers For Men,"₹2,159"
aadi,Premium Casual Shoes White Sneakers For Men,₹449
HIGHLANDER,Sneakers For Women,₹895
BIRDE,Comfortable & Stylish Sneakers For Men,₹369
Kraasa,Forbes Sneakers For Men,₹399
NEW LIMITS,Sneakers For Men,"₹1,079"
PUMA,Men SM-406 Black Sneakers For Men,"₹1,709"
K- FOOTLANCE,MADRYN 2.O Sneakers For Men,₹439
Sparx,Men's White Sneakers Sneakers For Men,₹769
U.S. POLO ASSN.,Platform Chunky Trainer/Sneakers -BOOM Mid Top Shoes fo...,"₹2,379"
