Job Title,Job Location,Company Name,Experience Required
Senior Python Developer,"Noida, Bangalore/Bengaluru",Genpact,7-12 Yrs
Python/Java/Golang -Developer,Gurgaon/Gurugram,Ciena,2-3 Yrs
Tech Mahindra is Hiring For Python Developer,Hybrid - Noida,Tech Mahindra,3-8 Yrs
Python Software Developer,Noida(Sector-125 Noida),Corbus,4-8 Yrs
Python Developer - Django/Data Structure,"Noida, Gurgaon/Gurugram, Greater Noida, Punjab, Delhi NCR",Appscrip,0-1 Yrs
Python Software Developer,"Noida, Hyderabad/Secunderabad, Pune, Chennai, Bangalore/Bengaluru",HCLTech,4-7 Yrs
Sr Python Developer,"Noida, Gurgaon/Gurugram",Megma Services,3-8 Yrs
Python Software Developer,"Gurgaon/Gurugram, Bangalore/Bengaluru",Advance Career Solutions,9-12 Yrs
Python Software Developer,"Delhi / NCR, Kolkata, Hyderabad/Secunderabad, Pune, Ahmedabad, Chennai, Bangalore/Bengaluru, Mumbai (All Areas)",Screatives Software Services,7-9 Yrs
Tcs is Hiring Python Developers For PAN India,"Delhi / NCR, Bangalore/Bengaluru, Mumbai (All Areas)",Tata Consultancy Services (TCS),2-6 Yrs
Python Developers,"Noida, Chennai, Bangalore/Bengaluru",HCLTech,5-10 Yrs
Sr. Data Analyst (Python/SQL/Analytics),"Temp. WFH - Delhi / NCR, Hyderabad/Secunderabad, Bangalore/Bengaluru",Groundtruth,4-7 Yrs
Python/Data Science Developer,"Delhi / NCR, Mumbai, Hyderabad/Secunderabad, Pune, Chennai, Bangalore/Bengaluru",TRH Consultancy Services,5-10 Yrs
Senior Full Stack Developer - Python / JavaScript,"Delhi / NCR, Kolkata, Mumbai, Hyderabad/Secunderabad, Pune, Ahmedabad, Chennai, Bangalore/Bengaluru",Datatobiz,5-10 Yrs
Senior Python Developer,"Hybrid - Noida, Hyderabad/Secunderabad, Pune, Chennai, Bangalore/Bengaluru",HCLTech,5-9 Yrs
Data Engineer- Python,"Hybrid - Delhi / NCR, Gurgaon/Gurugram",Gigmo Solutions,3-8 Yrs
Python Developer,Permanent Remote,Megma Services,1-4 Yrs
Python Developer / Machine Learning Engineer,Gurgaon/Gurugram,Huquo Consulting Pvt. Ltd,2-7 Yrs
Big Data Developer - Scala/ Python,"Delhi / NCR, Gurgaon/Gurugram",Huquo Consulting,2-7 Yrs
Full Stack Developer - SQL/Python/Javascript,"Delhi / NCR, Gurgaon/Gurugram",Huquo Consulting Pvt. Ltd,4-9 Yrs
